[
  {
    "nationalNumber": "001",
    "name": "Bulbasaur",
    "levels": [
      {
        "name": "Bulbasaur",
        "skills": {
          "total": 318,
          "hp": 45,
          "attack": 49,
          "defense": 49,
          "spAtk": 65,
          "spDef": 65,
          "speed": 45
        }
      }
    ]
  },
  {
    "nationalNumber": "002",
    "name": "Ivysaur",
    "levels": [
      {
        "name": "Ivysaur",
        "skills": {
          "total": 405,
          "hp": 60,
          "attack": 62,
          "defense": 63,
          "spAtk": 80,
          "spDef": 80,
          "speed": 60
        }
      }
    ]
  },
  {
    "nationalNumber": "003",
    "name": "Venusaur",
    "levels": [
      {
        "name": "Mega Venusaur",
        "skills": {
          "total": 625,
          "hp": 80,
          "attack": 100,
          "defense": 123,
          "spAtk": 122,
          "spDef": 120,
          "speed": 80
        }
      },
      {
        "name": "Venusaur",
        "skills": {
          "total": 525,
          "hp": 80,
          "attack": 82,
          "defense": 83,
          "spAtk": 100,
          "spDef": 100,
          "speed": 80
        }
      }
    ]
  },
  {
    "nationalNumber": "004",
    "name": "Charmander",
    "levels": [
      {
        "name": "Charmander",
        "skills": {
          "total": 309,
          "hp": 39,
          "attack": 52,
          "defense": 43,
          "spAtk": 60,
          "spDef": 50,
          "speed": 65
        }
      }
    ]
  },
  {
    "nationalNumber": "005",
    "name": "Charmeleon",
    "levels": [
      {
        "name": "Charmeleon",
        "skills": {
          "total": 405,
          "hp": 58,
          "attack": 64,
          "defense": 58,
          "spAtk": 80,
          "spDef": 65,
          "speed": 80
        }
      }
    ]
  },
  {
    "nationalNumber": "006",
    "name": "Charizard",
    "levels": [
      {
        "name": "Mega Charizard X",
        "skills": {
          "total": 634,
          "hp": 78,
          "attack": 130,
          "defense": 111,
          "spAtk": 130,
          "spDef": 85,
          "speed": 100
        }
      },
      {
        "name": "Mega Charizard Y",
        "skills": {
          "total": 634,
          "hp": 78,
          "attack": 104,
          "defense": 78,
          "spAtk": 159,
          "spDef": 115,
          "speed": 100
        }
      },
      {
        "name": "Charizard",
        "skills": {
          "total": 534,
          "hp": 78,
          "attack": 84,
          "defense": 78,
          "spAtk": 109,
          "spDef": 85,
          "speed": 100
        }
      }
    ]
  },
  {
    "nationalNumber": "007",
    "name": "Squirtle",
    "levels": [
      {
        "name": "Squirtle",
        "skills": {
          "total": 314,
          "hp": 44,
          "attack": 48,
          "defense": 65,
          "spAtk": 50,
          "spDef": 64,
          "speed": 43
        }
      }
    ]
  },
  {
    "nationalNumber": "008",
    "name": "Wartortle",
    "levels": [
      {
        "name": "Wartortle",
        "skills": {
          "total": 405,
          "hp": 59,
          "attack": 63,
          "defense": 80,
          "spAtk": 65,
          "spDef": 80,
          "speed": 58
        }
      }
    ]
  },
  {
    "nationalNumber": "009",
    "name": "Blastoise",
    "levels": [
      {
        "name": "Mega Blastoise",
        "skills": {
          "total": 630,
          "hp": 79,
          "attack": 103,
          "defense": 120,
          "spAtk": 135,
          "spDef": 115,
          "speed": 78
        }
      },
      {
        "name": "Blastoise",
        "skills": {
          "total": 530,
          "hp": 79,
          "attack": 83,
          "defense": 100,
          "spAtk": 85,
          "spDef": 105,
          "speed": 78
        }
      }
    ]
  },
  {
    "nationalNumber": "010",
    "name": "Caterpie",
    "levels": [
      {
        "name": "Caterpie",
        "skills": {
          "total": 195,
          "hp": 45,
          "attack": 30,
          "defense": 35,
          "spAtk": 20,
          "spDef": 20,
          "speed": 45
        }
      }
    ]
  },
  {
    "nationalNumber": "011",
    "name": "Metapod",
    "levels": [
      {
        "name": "Metapod",
        "skills": {
          "total": 205,
          "hp": 50,
          "attack": 20,
          "defense": 55,
          "spAtk": 25,
          "spDef": 25,
          "speed": 30
        }
      }
    ]
  },
  {
    "nationalNumber": "012",
    "name": "Butterfree",
    "levels": [
      {
        "name": "Butterfree",
        "skills": {
          "total": 395,
          "hp": 60,
          "attack": 45,
          "defense": 50,
          "spAtk": 90,
          "spDef": 80,
          "speed": 70
        }
      }
    ]
  },
  {
    "nationalNumber": "013",
    "name": "Weedle",
    "levels": [
      {
        "name": "Weedle",
        "skills": {
          "total": 195,
          "hp": 40,
          "attack": 35,
          "defense": 30,
          "spAtk": 20,
          "spDef": 20,
          "speed": 50
        }
      }
    ]
  },
  {
    "nationalNumber": "014",
    "name": "Kakuna",
    "levels": [
      {
        "name": "Kakuna",
        "skills": {
          "total": 205,
          "hp": 45,
          "attack": 25,
          "defense": 50,
          "spAtk": 25,
          "spDef": 25,
          "speed": 35
        }
      }
    ]
  },
  {
    "nationalNumber": "015",
    "name": "Beedrill",
    "levels": [
      {
        "name": "Beedrill",
        "skills": {
          "total": 395,
          "hp": 65,
          "attack": 90,
          "defense": 40,
          "spAtk": 45,
          "spDef": 80,
          "speed": 75
        }
      },
      {
        "name": "Mega Beedrill",
        "skills": {
          "total": 495,
          "hp": 65,
          "attack": 150,
          "defense": 40,
          "spAtk": 15,
          "spDef": 80,
          "speed": 145
        }
      }
    ]
  },
  {
    "nationalNumber": "016",
    "name": "Pidgey",
    "levels": [
      {
        "name": "Pidgey",
        "skills": {
          "total": 251,
          "hp": 40,
          "attack": 45,
          "defense": 40,
          "spAtk": 35,
          "spDef": 35,
          "speed": 56
        }
      }
    ]
  },
  {
    "nationalNumber": "017",
    "name": "Pidgeotto",
    "levels": [
      {
        "name": "Pidgeotto",
        "skills": {
          "total": 349,
          "hp": 63,
          "attack": 60,
          "defense": 55,
          "spAtk": 50,
          "spDef": 50,
          "speed": 71
        }
      }
    ]
  },
  {
    "nationalNumber": "018",
    "name": "Pidgeot",
    "levels": [
      {
        "name": "Mega Pidgeot",
        "skills": {
          "total": 579,
          "hp": 83,
          "attack": 80,
          "defense": 80,
          "spAtk": 135,
          "spDef": 80,
          "speed": 121
        }
      },
      {
        "name": "Pidgeot",
        "skills": {
          "total": 479,
          "hp": 83,
          "attack": 80,
          "defense": 75,
          "spAtk": 70,
          "spDef": 70,
          "speed": 101
        }
      }
    ]
  },
  {
    "nationalNumber": "019",
    "name": "Rattata",
    "levels": [
      {
        "name": "Alolan Rattata",
        "skills": {
          "total": 253,
          "hp": 30,
          "attack": 56,
          "defense": 35,
          "spAtk": 25,
          "spDef": 35,
          "speed": 72
        }
      },
      {
        "name": "Rattata",
        "skills": {
          "total": 253,
          "hp": 30,
          "attack": 56,
          "defense": 35,
          "spAtk": 25,
          "spDef": 35,
          "speed": 72
        }
      }
    ]
  },
  {
    "nationalNumber": "020",
    "name": "Raticate",
    "levels": [
      {
        "name": "Alolan Raticate",
        "skills": {
          "total": 413,
          "hp": 75,
          "attack": 71,
          "defense": 70,
          "spAtk": 40,
          "spDef": 80,
          "speed": 77
        }
      },
      {
        "name": "Raticate",
        "skills": {
          "total": 413,
          "hp": 55,
          "attack": 81,
          "defense": 60,
          "spAtk": 50,
          "spDef": 70,
          "speed": 97
        }
      }
    ]
  },
  {
    "nationalNumber": "021",
    "name": "Spearow",
    "levels": [
      {
        "name": "Spearow",
        "skills": {
          "total": 262,
          "hp": 40,
          "attack": 60,
          "defense": 30,
          "spAtk": 31,
          "spDef": 31,
          "speed": 70
        }
      }
    ]
  },
  {
    "nationalNumber": "022",
    "name": "Fearow",
    "levels": [
      {
        "name": "Fearow",
        "skills": {
          "total": 442,
          "hp": 65,
          "attack": 90,
          "defense": 65,
          "spAtk": 61,
          "spDef": 61,
          "speed": 100
        }
      }
    ]
  },
  {
    "nationalNumber": "023",
    "name": "Ekans",
    "levels": [
      {
        "name": "Ekans",
        "skills": {
          "total": 288,
          "hp": 35,
          "attack": 60,
          "defense": 44,
          "spAtk": 40,
          "spDef": 54,
          "speed": 55
        }
      }
    ]
  },
  {
    "nationalNumber": "024",
    "name": "Arbok",
    "levels": [
      {
        "name": "Arbok",
        "skills": {
          "total": 448,
          "hp": 60,
          "attack": 95,
          "defense": 69,
          "spAtk": 65,
          "spDef": 79,
          "speed": 80
        }
      }
    ]
  },
  {
    "nationalNumber": "025",
    "name": "Pikachu",
    "levels": [
      {
        "name": "Pikachu",
        "skills": {
          "total": 320,
          "hp": 35,
          "attack": 55,
          "defense": 40,
          "spAtk": 50,
          "spDef": 50,
          "speed": 90
        }
      }
    ]
  },
  {
    "nationalNumber": "026",
    "name": "Raichu",
    "levels": [
      {
        "name": "Raichu",
        "skills": {
          "total": 485,
          "hp": 60,
          "attack": 90,
          "defense": 55,
          "spAtk": 90,
          "spDef": 80,
          "speed": 110
        }
      },
      {
        "name": "Alolan Raichu",
        "skills": {
          "total": 485,
          "hp": 60,
          "attack": 85,
          "defense": 50,
          "spAtk": 95,
          "spDef": 85,
          "speed": 110
        }
      }
    ]
  },
  {
    "nationalNumber": "027",
    "name": "Sandshrew",
    "levels": [
      {
        "name": "Alolan Sandshrew",
        "skills": {
          "total": 300,
          "hp": 50,
          "attack": 75,
          "defense": 90,
          "spAtk": 10,
          "spDef": 35,
          "speed": 40
        }
      },
      {
        "name": "Sandshrew",
        "skills": {
          "total": 300,
          "hp": 50,
          "attack": 75,
          "defense": 85,
          "spAtk": 20,
          "spDef": 30,
          "speed": 40
        }
      }
    ]
  },
  {
    "nationalNumber": "028",
    "name": "Sandslash",
    "levels": [
      {
        "name": "Sandslash",
        "skills": {
          "total": 450,
          "hp": 75,
          "attack": 100,
          "defense": 110,
          "spAtk": 45,
          "spDef": 55,
          "speed": 65
        }
      },
      {
        "name": "Alolan Sandslash",
        "skills": {
          "total": 450,
          "hp": 75,
          "attack": 100,
          "defense": 120,
          "spAtk": 25,
          "spDef": 65,
          "speed": 65
        }
      }
    ]
  },
  {
    "nationalNumber": "029",
    "name": "Nidoran♀",
    "levels": [
      {
        "name": "Nidoran♀",
        "skills": {
          "total": 275,
          "hp": 55,
          "attack": 47,
          "defense": 52,
          "spAtk": 40,
          "spDef": 40,
          "speed": 41
        }
      }
    ]
  },
  {
    "nationalNumber": "030",
    "name": "Nidorina",
    "levels": [
      {
        "name": "Nidorina",
        "skills": {
          "total": 365,
          "hp": 70,
          "attack": 62,
          "defense": 67,
          "spAtk": 55,
          "spDef": 55,
          "speed": 56
        }
      }
    ]
  }
]