{
    "results": [
      {
        "national_number": "001",
        "evolution": null,
        "sprites": {
          "normal": "https://img.pokemondb.net/sprites/omega-ruby-alpha-sapphire/dex/normal/bulbasaur.png",
          "large": "https://img.pokemondb.net/artwork/bulbasaur.jpg",
          "animated": "https://img.pokemondb.net/sprites/black-white/anim/normal/bulbasaur.gif"
        },
        "name": "Bulbasaur",
        "type": [
          "Grass",
          "Poison"
        ],
        "total": 318,
        "hp": 45,
        "attack": 49,
        "defense": 49,
        "sp_atk": 65,
        "sp_def": 65,
        "speed": 45
      },
      {
        "national_number": "002",
        "evolution": null,
        "sprites": {
          "normal": "https://img.pokemondb.net/sprites/omega-ruby-alpha-sapphire/dex/normal/ivysaur.png",
          "large": "https://img.pokemondb.net/artwork/ivysaur.jpg",
          "animated": "https://img.pokemondb.net/sprites/black-white/anim/normal/ivysaur.gif"
        },
        "name": "Ivysaur",
        "type": [
          "Grass",
          "Poison"
        ],
        "total": 405,
        "hp": 60,
        "attack": 62,
        "defense": 63,
        "sp_atk": 80,
        "sp_def": 80,
        "speed": 60
      },
      {
        "national_number": "003",
        "evolution": {
          "name": "Mega Venusaur"
        },
        "sprites": {
          "normal": "https://img.pokemondb.net/sprites/omega-ruby-alpha-sapphire/dex/normal/venusaur.png",
          "large": "https://img.pokemondb.net/artwork/venusaur.jpg",
          "animated": "https://img.pokemondb.net/sprites/black-white/anim/normal/venusaur.gif"
        },
        "name": "Venusaur",
        "type": [
          "Grass",
          "Poison"
        ],
        "total": 625,
        "hp": 80,
        "attack": 100,
        "defense": 123,
        "sp_atk": 122,
        "sp_def": 120,
        "speed": 80
      },
      {
        "national_number": "003",
        "evolution": null,
        "sprites": {
          "normal": "https://img.pokemondb.net/sprites/omega-ruby-alpha-sapphire/dex/normal/venusaur.png",
          "large": "https://img.pokemondb.net/artwork/venusaur.jpg",
          "animated": "https://img.pokemondb.net/sprites/black-white/anim/normal/venusaur.gif"
        },
        "name": "Venusaur",
        "type": [
          "Grass",
          "Poison"
        ],
        "total": 525,
        "hp": 80,
        "attack": 82,
        "defense": 83,
        "sp_atk": 100,
        "sp_def": 100,
        "speed": 80
      },
      {
        "national_number": "004",
        "evolution": null,
        "sprites": {
          "normal": "https://img.pokemondb.net/sprites/omega-ruby-alpha-sapphire/dex/normal/charmander.png",
          "large": "https://img.pokemondb.net/artwork/charmander.jpg",
          "animated": "https://img.pokemondb.net/sprites/black-white/anim/normal/charmander.gif"
        },
        "name": "Charmander",
        "type": [
          "Fire"
        ],
        "total": 309,
        "hp": 39,
        "attack": 52,
        "defense": 43,
        "sp_atk": 60,
        "sp_def": 50,
        "speed": 65
      },
      {
        "national_number": "005",
        "evolution": null,
        "sprites": {
          "normal": "https://img.pokemondb.net/sprites/omega-ruby-alpha-sapphire/dex/normal/charmeleon.png",
          "large": "https://img.pokemondb.net/artwork/charmeleon.jpg",
          "animated": "https://img.pokemondb.net/sprites/black-white/anim/normal/charmeleon.gif"
        },
        "name": "Charmeleon",
        "type": [
          "Fire"
        ],
        "total": 405,
        "hp": 58,
        "attack": 64,
        "defense": 58,
        "sp_atk": 80,
        "sp_def": 65,
        "speed": 80
      },
      {
        "national_number": "006",
        "evolution": {
          "name": "Mega Charizard X"
        },
        "sprites": {
          "normal": "https://img.pokemondb.net/sprites/omega-ruby-alpha-sapphire/dex/normal/charizard.png",
          "large": "https://img.pokemondb.net/artwork/charizard.jpg",
          "animated": "https://img.pokemondb.net/sprites/black-white/anim/normal/charizard.gif"
        },
        "name": "Charizard",
        "type": [
          "Fire",
          "Dragon"
        ],
        "total": 634,
        "hp": 78,
        "attack": 130,
        "defense": 111,
        "sp_atk": 130,
        "sp_def": 85,
        "speed": 100
      },
      {
        "national_number": "006",
        "evolution": {
          "name": "Mega Charizard Y"
        },
        "sprites": {
          "normal": "https://img.pokemondb.net/sprites/omega-ruby-alpha-sapphire/dex/normal/charizard.png",
          "large": "https://img.pokemondb.net/artwork/charizard.jpg",
          "animated": "https://img.pokemondb.net/sprites/black-white/anim/normal/charizard.gif"
        },
        "name": "Charizard",
        "type": [
          "Fire",
          "Flying"
        ],
        "total": 634,
        "hp": 78,
        "attack": 104,
        "defense": 78,
        "sp_atk": 159,
        "sp_def": 115,
        "speed": 100
      },
      {
        "national_number": "006",
        "evolution": null,
        "sprites": {
          "normal": "https://img.pokemondb.net/sprites/omega-ruby-alpha-sapphire/dex/normal/charizard.png",
          "large": "https://img.pokemondb.net/artwork/charizard.jpg",
          "animated": "https://img.pokemondb.net/sprites/black-white/anim/normal/charizard.gif"
        },
        "name": "Charizard",
        "type": [
          "Fire",
          "Flying"
        ],
        "total": 534,
        "hp": 78,
        "attack": 84,
        "defense": 78,
        "sp_atk": 109,
        "sp_def": 85,
        "speed": 100
      },
      {
        "national_number": "007",
        "evolution": null,
        "sprites": {
          "normal": "https://img.pokemondb.net/sprites/omega-ruby-alpha-sapphire/dex/normal/squirtle.png",
          "large": "https://img.pokemondb.net/artwork/squirtle.jpg",
          "animated": "https://img.pokemondb.net/sprites/black-white/anim/normal/squirtle.gif"
        },
        "name": "Squirtle",
        "type": [
          "Water"
        ],
        "total": 314,
        "hp": 44,
        "attack": 48,
        "defense": 65,
        "sp_atk": 50,
        "sp_def": 64,
        "speed": 43
      },
      {
        "national_number": "008",
        "evolution": null,
        "sprites": {
          "normal": "https://img.pokemondb.net/sprites/omega-ruby-alpha-sapphire/dex/normal/wartortle.png",
          "large": "https://img.pokemondb.net/artwork/wartortle.jpg",
          "animated": "https://img.pokemondb.net/sprites/black-white/anim/normal/wartortle.gif"
        },
        "name": "Wartortle",
        "type": [
          "Water"
        ],
        "total": 405,
        "hp": 59,
        "attack": 63,
        "defense": 80,
        "sp_atk": 65,
        "sp_def": 80,
        "speed": 58
      },
      {
        "national_number": "009",
        "evolution": {
          "name": "Mega Blastoise"
        },
        "sprites": {
          "normal": "https://img.pokemondb.net/sprites/omega-ruby-alpha-sapphire/dex/normal/blastoise.png",
          "large": "https://img.pokemondb.net/artwork/blastoise.jpg",
          "animated": "https://img.pokemondb.net/sprites/black-white/anim/normal/blastoise.gif"
        },
        "name": "Blastoise",
        "type": [
          "Water"
        ],
        "total": 630,
        "hp": 79,
        "attack": 103,
        "defense": 120,
        "sp_atk": 135,
        "sp_def": 115,
        "speed": 78
      },
      {
        "national_number": "009",
        "evolution": null,
        "sprites": {
          "normal": "https://img.pokemondb.net/sprites/omega-ruby-alpha-sapphire/dex/normal/blastoise.png",
          "large": "https://img.pokemondb.net/artwork/blastoise.jpg",
          "animated": "https://img.pokemondb.net/sprites/black-white/anim/normal/blastoise.gif"
        },
        "name": "Blastoise",
        "type": [
          "Water"
        ],
        "total": 530,
        "hp": 79,
        "attack": 83,
        "defense": 100,
        "sp_atk": 85,
        "sp_def": 105,
        "speed": 78
      },
      {
        "national_number": "010",
        "evolution": null,
        "sprites": {
          "normal": "https://img.pokemondb.net/sprites/omega-ruby-alpha-sapphire/dex/normal/caterpie.png",
          "large": "https://img.pokemondb.net/artwork/caterpie.jpg",
          "animated": "https://img.pokemondb.net/sprites/black-white/anim/normal/caterpie.gif"
        },
        "name": "Caterpie",
        "type": [
          "Bug"
        ],
        "total": 195,
        "hp": 45,
        "attack": 30,
        "defense": 35,
        "sp_atk": 20,
        "sp_def": 20,
        "speed": 45
      },
      {
        "national_number": "011",
        "evolution": null,
        "sprites": {
          "normal": "https://img.pokemondb.net/sprites/omega-ruby-alpha-sapphire/dex/normal/metapod.png",
          "large": "https://img.pokemondb.net/artwork/metapod.jpg",
          "animated": "https://img.pokemondb.net/sprites/black-white/anim/normal/metapod.gif"
        },
        "name": "Metapod",
        "type": [
          "Bug"
        ],
        "total": 205,
        "hp": 50,
        "attack": 20,
        "defense": 55,
        "sp_atk": 25,
        "sp_def": 25,
        "speed": 30
      },
      {
        "national_number": "012",
        "evolution": null,
        "sprites": {
          "normal": "https://img.pokemondb.net/sprites/omega-ruby-alpha-sapphire/dex/normal/butterfree.png",
          "large": "https://img.pokemondb.net/artwork/butterfree.jpg",
          "animated": "https://img.pokemondb.net/sprites/black-white/anim/normal/butterfree.gif"
        },
        "name": "Butterfree",
        "type": [
          "Bug",
          "Flying"
        ],
        "total": 395,
        "hp": 60,
        "attack": 45,
        "defense": 50,
        "sp_atk": 90,
        "sp_def": 80,
        "speed": 70
      },
      {
        "national_number": "013",
        "evolution": null,
        "sprites": {
          "normal": "https://img.pokemondb.net/sprites/omega-ruby-alpha-sapphire/dex/normal/weedle.png",
          "large": "https://img.pokemondb.net/artwork/weedle.jpg",
          "animated": "https://img.pokemondb.net/sprites/black-white/anim/normal/weedle.gif"
        },
        "name": "Weedle",
        "type": [
          "Bug",
          "Poison"
        ],
        "total": 195,
        "hp": 40,
        "attack": 35,
        "defense": 30,
        "sp_atk": 20,
        "sp_def": 20,
        "speed": 50
      },
      {
        "national_number": "014",
        "evolution": null,
        "sprites": {
          "normal": "https://img.pokemondb.net/sprites/omega-ruby-alpha-sapphire/dex/normal/kakuna.png",
          "large": "https://img.pokemondb.net/artwork/kakuna.jpg",
          "animated": "https://img.pokemondb.net/sprites/black-white/anim/normal/kakuna.gif"
        },
        "name": "Kakuna",
        "type": [
          "Bug",
          "Poison"
        ],
        "total": 205,
        "hp": 45,
        "attack": 25,
        "defense": 50,
        "sp_atk": 25,
        "sp_def": 25,
        "speed": 35
      },
      {
        "national_number": "015",
        "evolution": null,
        "sprites": {
          "normal": "https://img.pokemondb.net/sprites/omega-ruby-alpha-sapphire/dex/normal/beedrill.png",
          "large": "https://img.pokemondb.net/artwork/beedrill.jpg",
          "animated": "https://img.pokemondb.net/sprites/black-white/anim/normal/beedrill.gif"
        },
        "name": "Beedrill",
        "type": [
          "Bug",
          "Poison"
        ],
        "total": 395,
        "hp": 65,
        "attack": 90,
        "defense": 40,
        "sp_atk": 45,
        "sp_def": 80,
        "speed": 75
      },
      {
        "national_number": "015",
        "evolution": {
          "name": "Mega Beedrill"
        },
        "sprites": {
          "normal": "https://img.pokemondb.net/sprites/omega-ruby-alpha-sapphire/dex/normal/beedrill.png",
          "large": "https://img.pokemondb.net/artwork/beedrill.jpg",
          "animated": "https://img.pokemondb.net/sprites/black-white/anim/normal/beedrill.gif"
        },
        "name": "Beedrill",
        "type": [
          "Bug",
          "Poison"
        ],
        "total": 495,
        "hp": 65,
        "attack": 150,
        "defense": 40,
        "sp_atk": 15,
        "sp_def": 80,
        "speed": 145
      },
      {
        "national_number": "016",
        "evolution": null,
        "sprites": {
          "normal": "https://img.pokemondb.net/sprites/omega-ruby-alpha-sapphire/dex/normal/pidgey.png",
          "large": "https://img.pokemondb.net/artwork/pidgey.jpg",
          "animated": "https://img.pokemondb.net/sprites/black-white/anim/normal/pidgey.gif"
        },
        "name": "Pidgey",
        "type": [
          "Normal",
          "Flying"
        ],
        "total": 251,
        "hp": 40,
        "attack": 45,
        "defense": 40,
        "sp_atk": 35,
        "sp_def": 35,
        "speed": 56
      },
      {
        "national_number": "017",
        "evolution": null,
        "sprites": {
          "normal": "https://img.pokemondb.net/sprites/omega-ruby-alpha-sapphire/dex/normal/pidgeotto.png",
          "large": "https://img.pokemondb.net/artwork/pidgeotto.jpg",
          "animated": "https://img.pokemondb.net/sprites/black-white/anim/normal/pidgeotto.gif"
        },
        "name": "Pidgeotto",
        "type": [
          "Normal",
          "Flying"
        ],
        "total": 349,
        "hp": 63,
        "attack": 60,
        "defense": 55,
        "sp_atk": 50,
        "sp_def": 50,
        "speed": 71
      },
      {
        "national_number": "018",
        "evolution": {
          "name": "Mega Pidgeot"
        },
        "sprites": {
          "normal": "https://img.pokemondb.net/sprites/omega-ruby-alpha-sapphire/dex/normal/pidgeot.png",
          "large": "https://img.pokemondb.net/artwork/pidgeot.jpg",
          "animated": "https://img.pokemondb.net/sprites/black-white/anim/normal/pidgeot.gif"
        },
        "name": "Pidgeot",
        "type": [
          "Normal",
          "Flying"
        ],
        "total": 579,
        "hp": 83,
        "attack": 80,
        "defense": 80,
        "sp_atk": 135,
        "sp_def": 80,
        "speed": 121
      },
      {
        "national_number": "018",
        "evolution": null,
        "sprites": {
          "normal": "https://img.pokemondb.net/sprites/omega-ruby-alpha-sapphire/dex/normal/pidgeot.png",
          "large": "https://img.pokemondb.net/artwork/pidgeot.jpg",
          "animated": "https://img.pokemondb.net/sprites/black-white/anim/normal/pidgeot.gif"
        },
        "name": "Pidgeot",
        "type": [
          "Normal",
          "Flying"
        ],
        "total": 479,
        "hp": 83,
        "attack": 80,
        "defense": 75,
        "sp_atk": 70,
        "sp_def": 70,
        "speed": 101
      },
      {
        "national_number": "019",
        "evolution": {
          "name": "Alolan Rattata"
        },
        "sprites": {
          "normal": "https://img.pokemondb.net/sprites/omega-ruby-alpha-sapphire/dex/normal/rattata.png",
          "large": "https://img.pokemondb.net/artwork/rattata.jpg",
          "animated": "https://img.pokemondb.net/sprites/black-white/anim/normal/rattata.gif"
        },
        "name": "Rattata",
        "type": [
          "Dark",
          "Normal"
        ],
        "total": 253,
        "hp": 30,
        "attack": 56,
        "defense": 35,
        "sp_atk": 25,
        "sp_def": 35,
        "speed": 72
      },
      {
        "national_number": "019",
        "evolution": null,
        "sprites": {
          "normal": "https://img.pokemondb.net/sprites/omega-ruby-alpha-sapphire/dex/normal/rattata.png",
          "large": "https://img.pokemondb.net/artwork/rattata.jpg",
          "animated": "https://img.pokemondb.net/sprites/black-white/anim/normal/rattata.gif"
        },
        "name": "Rattata",
        "type": [
          "Normal"
        ],
        "total": 253,
        "hp": 30,
        "attack": 56,
        "defense": 35,
        "sp_atk": 25,
        "sp_def": 35,
        "speed": 72
      },
      {
        "national_number": "020",
        "evolution": {
          "name": "Alolan Raticate"
        },
        "sprites": {
          "normal": "https://img.pokemondb.net/sprites/omega-ruby-alpha-sapphire/dex/normal/raticate.png",
          "large": "https://img.pokemondb.net/artwork/raticate.jpg",
          "animated": "https://img.pokemondb.net/sprites/black-white/anim/normal/raticate.gif"
        },
        "name": "Raticate",
        "type": [
          "Dark",
          "Normal"
        ],
        "total": 413,
        "hp": 75,
        "attack": 71,
        "defense": 70,
        "sp_atk": 40,
        "sp_def": 80,
        "speed": 77
      },
      {
        "national_number": "020",
        "evolution": null,
        "sprites": {
          "normal": "https://img.pokemondb.net/sprites/omega-ruby-alpha-sapphire/dex/normal/raticate.png",
          "large": "https://img.pokemondb.net/artwork/raticate.jpg",
          "animated": "https://img.pokemondb.net/sprites/black-white/anim/normal/raticate.gif"
        },
        "name": "Raticate",
        "type": [
          "Normal"
        ],
        "total": 413,
        "hp": 55,
        "attack": 81,
        "defense": 60,
        "sp_atk": 50,
        "sp_def": 70,
        "speed": 97
      },
      {
        "national_number": "021",
        "evolution": null,
        "sprites": {
          "normal": "https://img.pokemondb.net/sprites/omega-ruby-alpha-sapphire/dex/normal/spearow.png",
          "large": "https://img.pokemondb.net/artwork/spearow.jpg",
          "animated": "https://img.pokemondb.net/sprites/black-white/anim/normal/spearow.gif"
        },
        "name": "Spearow",
        "type": [
          "Normal",
          "Flying"
        ],
        "total": 262,
        "hp": 40,
        "attack": 60,
        "defense": 30,
        "sp_atk": 31,
        "sp_def": 31,
        "speed": 70
      },
      {
        "national_number": "022",
        "evolution": null,
        "sprites": {
          "normal": "https://img.pokemondb.net/sprites/omega-ruby-alpha-sapphire/dex/normal/fearow.png",
          "large": "https://img.pokemondb.net/artwork/fearow.jpg",
          "animated": "https://img.pokemondb.net/sprites/black-white/anim/normal/fearow.gif"
        },
        "name": "Fearow",
        "type": [
          "Normal",
          "Flying"
        ],
        "total": 442,
        "hp": 65,
        "attack": 90,
        "defense": 65,
        "sp_atk": 61,
        "sp_def": 61,
        "speed": 100
      },
      {
        "national_number": "023",
        "evolution": null,
        "sprites": {
          "normal": "https://img.pokemondb.net/sprites/omega-ruby-alpha-sapphire/dex/normal/ekans.png",
          "large": "https://img.pokemondb.net/artwork/ekans.jpg",
          "animated": "https://img.pokemondb.net/sprites/black-white/anim/normal/ekans.gif"
        },
        "name": "Ekans",
        "type": [
          "Poison"
        ],
        "total": 288,
        "hp": 35,
        "attack": 60,
        "defense": 44,
        "sp_atk": 40,
        "sp_def": 54,
        "speed": 55
      },
      {
        "national_number": "024",
        "evolution": null,
        "sprites": {
          "normal": "https://img.pokemondb.net/sprites/omega-ruby-alpha-sapphire/dex/normal/arbok.png",
          "large": "https://img.pokemondb.net/artwork/arbok.jpg",
          "animated": "https://img.pokemondb.net/sprites/black-white/anim/normal/arbok.gif"
        },
        "name": "Arbok",
        "type": [
          "Poison"
        ],
        "total": 448,
        "hp": 60,
        "attack": 95,
        "defense": 69,
        "sp_atk": 65,
        "sp_def": 79,
        "speed": 80
      },
      {
        "national_number": "025",
        "evolution": null,
        "sprites": {
          "normal": "https://img.pokemondb.net/sprites/omega-ruby-alpha-sapphire/dex/normal/pikachu.png",
          "large": "https://img.pokemondb.net/artwork/pikachu.jpg",
          "animated": "https://img.pokemondb.net/sprites/black-white/anim/normal/pikachu.gif"
        },
        "name": "Pikachu",
        "type": [
          "Electric"
        ],
        "total": 320,
        "hp": 35,
        "attack": 55,
        "defense": 40,
        "sp_atk": 50,
        "sp_def": 50,
        "speed": 90
      },
      {
        "national_number": "026",
        "evolution": null,
        "sprites": {
          "normal": "https://img.pokemondb.net/sprites/omega-ruby-alpha-sapphire/dex/normal/raichu.png",
          "large": "https://img.pokemondb.net/artwork/raichu.jpg",
          "animated": "https://img.pokemondb.net/sprites/black-white/anim/normal/raichu.gif"
        },
        "name": "Raichu",
        "type": [
          "Electric"
        ],
        "total": 485,
        "hp": 60,
        "attack": 90,
        "defense": 55,
        "sp_atk": 90,
        "sp_def": 80,
        "speed": 110
      },
      {
        "national_number": "026",
        "evolution": {
          "name": "Alolan Raichu"
        },
        "sprites": {
          "normal": "https://img.pokemondb.net/sprites/omega-ruby-alpha-sapphire/dex/normal/raichu.png",
          "large": "https://img.pokemondb.net/artwork/raichu.jpg",
          "animated": "https://img.pokemondb.net/sprites/black-white/anim/normal/raichu.gif"
        },
        "name": "Raichu",
        "type": [
          "Electric",
          "Psychic"
        ],
        "total": 485,
        "hp": 60,
        "attack": 85,
        "defense": 50,
        "sp_atk": 95,
        "sp_def": 85,
        "speed": 110
      },
      {
        "national_number": "027",
        "evolution": {
          "name": "Alolan Sandshrew"
        },
        "sprites": {
          "normal": "https://img.pokemondb.net/sprites/omega-ruby-alpha-sapphire/dex/normal/sandshrew.png",
          "large": "https://img.pokemondb.net/artwork/sandshrew.jpg",
          "animated": "https://img.pokemondb.net/sprites/black-white/anim/normal/sandshrew.gif"
        },
        "name": "Sandshrew",
        "type": [
          "Ice",
          "Steel"
        ],
        "total": 300,
        "hp": 50,
        "attack": 75,
        "defense": 90,
        "sp_atk": 10,
        "sp_def": 35,
        "speed": 40
      },
      {
        "national_number": "027",
        "evolution": null,
        "sprites": {
          "normal": "https://img.pokemondb.net/sprites/omega-ruby-alpha-sapphire/dex/normal/sandshrew.png",
          "large": "https://img.pokemondb.net/artwork/sandshrew.jpg",
          "animated": "https://img.pokemondb.net/sprites/black-white/anim/normal/sandshrew.gif"
        },
        "name": "Sandshrew",
        "type": [
          "Ground"
        ],
        "total": 300,
        "hp": 50,
        "attack": 75,
        "defense": 85,
        "sp_atk": 20,
        "sp_def": 30,
        "speed": 40
      },
      {
        "national_number": "028",
        "evolution": null,
        "sprites": {
          "normal": "https://img.pokemondb.net/sprites/omega-ruby-alpha-sapphire/dex/normal/sandslash.png",
          "large": "https://img.pokemondb.net/artwork/sandslash.jpg",
          "animated": "https://img.pokemondb.net/sprites/black-white/anim/normal/sandslash.gif"
        },
        "name": "Sandslash",
        "type": [
          "Ground"
        ],
        "total": 450,
        "hp": 75,
        "attack": 100,
        "defense": 110,
        "sp_atk": 45,
        "sp_def": 55,
        "speed": 65
      },
      {
        "national_number": "028",
        "evolution": {
          "name": "Alolan Sandslash"
        },
        "sprites": {
          "normal": "https://img.pokemondb.net/sprites/omega-ruby-alpha-sapphire/dex/normal/sandslash.png",
          "large": "https://img.pokemondb.net/artwork/sandslash.jpg",
          "animated": "https://img.pokemondb.net/sprites/black-white/anim/normal/sandslash.gif"
        },
        "name": "Sandslash",
        "type": [
          "Ice",
          "Steel"
        ],
        "total": 450,
        "hp": 75,
        "attack": 100,
        "defense": 120,
        "sp_atk": 25,
        "sp_def": 65,
        "speed": 65
      },
      {
        "national_number": "029",
        "evolution": null,
        "sprites": {
          "normal": "https://img.pokemondb.net/sprites/omega-ruby-alpha-sapphire/dex/normal/nidoran♀.png",
          "large": "https://img.pokemondb.net/artwork/nidoran♀.jpg",
          "animated": "https://img.pokemondb.net/sprites/black-white/anim/normal/nidoran♀.gif"
        },
        "name": "Nidoran♀",
        "type": [
          "Poison"
        ],
        "total": 275,
        "hp": 55,
        "attack": 47,
        "defense": 52,
        "sp_atk": 40,
        "sp_def": 40,
        "speed": 41
      },
      {
        "national_number": "030",
        "evolution": null,
        "sprites": {
          "normal": "https://img.pokemondb.net/sprites/omega-ruby-alpha-sapphire/dex/normal/nidorina.png",
          "large": "https://img.pokemondb.net/artwork/nidorina.jpg",
          "animated": "https://img.pokemondb.net/sprites/black-white/anim/normal/nidorina.gif"
        },
        "name": "Nidorina",
        "type": [
          "Poison"
        ],
        "total": 365,
        "hp": 70,
        "attack": 62,
        "defense": 67,
        "sp_atk": 55,
        "sp_def": 55,
        "speed": 56
      }
    ]}